classification	content_id	title	modified_at
EV	1720025	다산정약용문화제	20261001163246
EV	1726052	독일마을 맥주축제	20261001153757
EV	1846905	2026 달성 100대 피아노	20261001143859
EV	234235	단양온달문화축제	20261001144645
NA	2638527	금강송 에코리움	20261001080348
EV	2754710	2026 대한민국 산림박람회	20261001142649
SH	2779976	거북시장	20261001160512
EV	2846034	안양청년축제	20261001150529
EV	2849159	연수 능허대 문화축제	20261001091734
EV	2987791	2026 DMZ OPEN 페스티벌	20261001141057
EV	3370452	2026 수성국제비엔날레	20261001145950
EV	3371765	용인청년페스티벌	20261001151859
EV	4116779	국가유산 미디어아트 여수 진남관	20261001104516
FD	4116789	감자창고	20261001125103
FD	4116790	무아	20261001132716
FD	4116819	수제빙수전문점 팥	20261001140517
EV	4116824	영등포구 미래인재 과학축제	20261001142140
EV	4116982	산북AI김장문화축제	20261001173943
EV	4116994	K-Drone Festival	20261001170500
