classification	content_id	title	old_modified_at	new_modified_at	old_classification
VE	1059638	망원한강공원	20251127174600	20261001111048	VE
AC	1102250	코트야드 바이 메리어트 서울타임스퀘어	20260123133549	20261001134235	AC
NA	1246089	제암산	20260630184428	20261001130437	NA
HS	125962	당진면천읍성	20250916155904	20261001101038	HS
HS	125992	보령 성주사지	20251103175538	20261001153022	HS
HS	126542	김포 장릉(원종·인헌왕후) [유네스코 세계유산]	20250320135027	20261001154633	HS
NA	126708	입파도 홍암	20250321104417	20261001154248	NA
NA	127206	뾰족산(보죽산)	20260630212627	20261001141956	NA
NA	127257	가라산	20260929160828	20261001103400	NA
NA	127501	상왕산	20260630184428	20261001140101	NA
NA	127530	거열산성군립공원	20250319191536	20261001145845	NA
NA	127821	금강수목원	20260922090138	20261001100933	NA
VE	128143	휘닉스 파크	20250331160133	20261001154410	VE
HS	128144	조계사(서울)	20251215094351	20261001141326	HS
NA	128207	신불산군립공원	20260926013000	20261001013001	NA
HS	128814	강화 삼랑성	20250905164735	20261001131937	HS
HS	129539	동천석실	20260630184428	20261001133434	HS
VE	129866	과천문화원	20250915182808	20261001111502	VE
VE	129867	강화문화원	20250909173100	20261001111726	VE
VE	129868	남양주문화원	20250509135324	20261001113017	VE
VE	129869	용인문화원	20250703111516	20261001113234	VE
VE	129871	여주문화원	20250627171213	20261001113654	VE
VE	129872	파주문화원	20250725092917	20261001113933	VE
VE	129873	양평문화원	20260220174708	20261001114515	VE
VE	129874	고양문화원	20250610094326	20261001114709	VE
VE	129875	김포문화원	20250731085358	20261001130349	VE
VE	129877	가평문화원	20250731155629	20261001111938	VE
VE	129878	광주문화원(경기)	20250425100417	20261001112358	VE
VE	129880	양주문화원	20250620094157	20261001112548	VE
VE	130132	국립대구박물관	20250707160956	20261001111210	VE
VE	130230	아르코예술극장	20250314174159	20261001142126	VE
VE	130238	익산국악원	20250304170716	20261001132010	VE
VE	130239	익산문화원	20251128133038	20261001132656	VE
VE	130240	마동도서관	20251126142231	20261001133524	VE
VE	130244	성산아트홀	20260526110143	20261001130720	VE
VE	130442	덕포진교육박물관	20250904152504	20261001154217	VE
VE	130759	서울특별시교육청 종로도서관	20260319094959	20261001141842	VE
VE	130779	서울특별시교육청 영등포평생학습관	20251212185752	20261001133852	VE
LS	131725	버치힐컨트리클럽	20260211081009	20261001153918	LS
FD	134702	비하인드(B-hind)	20250724155513	20261001111537	FD
FD	134770	맛50년 헛제사밥	20251125141526	20261001165419	FD
VE	1369066	서울색공원	20251023143000	20261001133645	VE
NA	1391494	억불산	20260630184428	20261001110725	NA
AC	142771	임피리얼 팰리스 부티크 호텔	20260105163334	20261001140158	AC
EV	229054	지상군페스티벌	20260930182150	20261001102459	EV
VE	2363243	서초구립반포도서관	20260827082945	20261001133015	VE
VE	2405073	김포시독립운동기념관	20260309173708	20261001153625	VE
AC	2445211	르본수원실크로드호텔	20251106182128	20261001164446	AC
AC	2458168	일락당사랑채	20250120175300	20261001163905	AC
EX	2470406	보령석탄박물관	20251103173945	20261001150323	EX
AC	2479573	씨마크호텔	20260204101959	20261001162856	AC
AC	2504510	롯데시티호텔 명동	20260105164243	20261001161213	AC
HS	250455	미타사(음성)	20250407164708	20261001151448	HS
HS	250458	동편제탯자리	20251215102916	20261001151909	HS
HS	250462	익산 왕궁리유적 [유네스코 세계유산]	20251110184630	20261001150853	HS
AC	2504658	딜라이트 호텔	20251112173827	20261001160200	AC
HS	2513974	합덕성당	20250912141640	20261001111903	HS
HS	252558	원주 영원산성	20250718172253	20261001154443	HS
NA	252565	성주봉자연휴양림	20251209155901	20261001153023	NA
HS	252566	견훤산성	20250709110842	20261001153649	HS
HS	252568	양양향교	20250819170343	20261001154226	HS
HS	252570	양양동해신묘지	20250806112311	20261001153247	HS
NA	252574	삼귀해안	20251111145058	20261001152423	NA
NA	252576	용추폭포(무주)	20251023143000	20261001152557	NA
HS	252577	칠연의총	20250806112924	20261001150307	HS
HS	252583	난계 박연선생 생가	20251124155143	20261001134720	HS
HS	252584	영동 가학루	20251124161048	20261001140013	HS
HS	252588	황간향교	20250316161037	20261001133805	HS
HS	252590	영동 추풍령 전적 및 장지현 순절비	20250317211933	20261001150024	HS
AC	2531496	하동댁	20250919163615	20261001153209	AC
AC	2533423	호텔여기어때 강릉경포점	20251023143000	20261001152701	AC
AC	2534236	어반스테이플러스	20251125143634	20261001152146	AC
AC	2541308	잠실 상주호텔	20251024135136	20261001151557	AC
AC	2542745	호텔 스퀘어 안산	20250915135756	20261001150650	AC
AC	2544095	전통리조트 구름에	20250915163023	20261001165742	AC
AC	2548479	스탠포드호텔 서울	20260123143853	20261001111410	AC
AC	2548508	스탠포드호텔 부산	20260204111500	20261001144031	AC
VE	2552255	해든뮤지움	20251023143000	20261001165948	VE
EX	2554065	서울교통공사 고덕차량사업소	20250318192809	20261001152826	EX
AC	2568981	강이있는풍경펜션	20251125152007	20261001142617	AC
AC	2569105	너와 나의 둥지	20260630212627	20261001141923	AC
AC	2570171	에이본 호텔	20250903135534	20261001140820	AC
AC	2570352	비프리비펜션	20251024171613	20261001141147	AC
AC	2570704	여우비관광호텔	20251208162702	20261001133752	AC
AC	2570731	블루오션뷰	20260126093315	20261001134536	AC
AC	2571095	루이스호텔	20251223160918	20261001135341	AC
AC	2575597	늘푸른펜션	20260129133904	20261001132524	AC
AC	2576488	마리조아펜션	20251023143000	20261001131541	AC
AC	2577389	비진도 더씨펜션	20251208180636	20261001130650	AC
AC	2579894	통영 비지니스 관광호텔	20251211102434	20261001112726	AC
AC	2580451	통영 타워오션뷰 펜션	20251211130008	20261001113506	AC
AC	2580650	욕지도펜션블루씨	20251127110525	20261001111207	AC
AC	2580696	통영로즈힐펜션	20251209101027	20261001112138	AC
FD	2580884	명랑식당	20250721101942	20261001164857	FD
FD	2581039	백마강참숯민물장어	20250721103749	20261001164505	FD
AC	2581232	히아신스펜션	20251212132539	20261001110142	AC
VE	2581396	신촌문화발전소	20260915161625	20261001112100	VE
AC	2593245	기린모텔	20250120181843	20261001105235	AC
AC	2594495	데이나이스호텔	20251023143000	20261001104245	AC
FD	2605292	행복정거장 모악산점	20251124133344	20261001164316	FD
FD	2607132	[백년가게]지동관	20250722110529	20261001163432	FD
EX	2640123	삼양라운드힐	20260624153241	20261001124436	EX
VE	2648051	평화문화진지	20260305095851	20261001094959	VE
VE	2654545	외할머니의 부엌	20250904155147	20261001154631	VE
AC	2680818	산수유사랑채	20260508105729	20261001104427	AC
AC	2695742	대성 정담한옥	20250626112646	20261001104510	AC
VE	2705299	의정부미술도서관	20260507164827	20261001153740	VE
VE	2710577	KT&G 상상마당 춘천	20251211131935	20261001165251	VE
VE	2711042	인천국제공항	20260630212627	20261001142212	VE
FD	2714230	리리스카페	20251209104208	20261001152912	FD
AC	2721755	페어몬트 앰배서더 서울(Fairmont Ambassador Seoul)	20251027173104	20261001134421	AC
AC	2726672	가평명지산카라반글램핑	20260807112458	20261001140215	AC
AC	2738765	통영캠핑스토리	20251111173111	20261001144521	AC
AC	2739374	국립천관산자연휴양림캠핑장	20260630184428	20261001143715	AC
VE	2739477	윤동주문학관	20250314152637	20261001164358	VE
VE	2739478	전태일기념관	20251103153256	20261001164803	VE
AC	2740121	흑석산 자연 휴양림 캠핑장	20260630184428	20261001143833	AC
VE	2745583	플로팅아일랜드	20250317224234	20261001163450	VE
VE	2745725	서울시립 난지미술창작스튜디오	20250317200309	20261001150322	VE
AC	2747447	무안황토갯벌랜드 캠핑장	20260630212627	20261001142039	AC
AC	2748025	돌풀마루	20260630184428	20261001141219	AC
VE	2750143	가가책방	20251111151027	20261001145814	VE
VE	2751331	스위트파크 롯데 어린이 식품체험관	20251127182751	20261001162748	VE
VE	2751525	신전뮤지엄	20251117162626	20261001161853	VE
VE	2751979	도고아트홀	20250718090000	20261001174130	VE
FD	2754733	고매커피	20251103191817	20261001173619	FD
VE	2755721	번개맨 체험관	20251211103412	20261001104623	VE
VE	2756160	곰나루국민관광단지	20251023143000	20261001132329	VE
VE	2758150	용산역광장	20250703102144	20261001135402	VE
VE	2760704	닥밭골 벽화마을	20260305095209	20261001135058	VE
VE	2761465	거북선전시관	20251105093301	20261001172511	VE
FD	2761653	잠두봉더나인	20251126153227	20261001100953	FD
VE	2764323	은평역사한옥박물관	20260806090827	20261001140728	VE
SH	2765404	신거북시장	20260630212627	20261001163536	SH
VE	2765519	미호박물관	20250915170803	20261001103937	VE
FD	2766446	카우보이그릴	20250626135843	20261001100343	FD
FD	2766449	샤를몽탁	20250318210820	20261001171236	FD
SH	2766903	남문시장	20251217141411	20261001104943	SH
SH	2766914	상동시장	20251104155201	20261001110029	SH
SH	2766932	대곡시장	20251120134636	20261001105448	SH
SH	2766943	대동종합시장	20251120134342	20261001105821	SH
FD	2767014	카페 팡시온(팡시온카페)	20260212094420	20261001095342	FD
FD	2767023	플레이스 플로라	20250708114004	20261001104046	FD
SH	2767416	송현시장	20251202104238	20261001110235	SH
SH	2767417	서대구시장	20251202105440	20261001110842	SH
VE	2767580	경인아라뱃길 검암공원	20260630184428	20261001155842	VE
VE	2767585	경인아라뱃길 아라타워 전망대	20260630184428	20261001155708	VE
VE	2767612	대학공원	20260820153132	20261001111953	VE
VE	2767614	장미공원	20250902170745	20261001112257	VE
SH	2768173	가좌시장	20260820135049	20261001165035	SH
EX	2770713	미성온천	20260305095851	20261001184645	EX
EX	2774589	하양목장	20260206174829	20261001184126	EX
FD	2774857	갓파스시	20260205090543	20261001094426	FD
SH	2779513	청해수산	20260630184428	20261001152913	SH
SH	2782699	데팡스가든센터	20250709134757	20261001182727	SH
VE	2782714	책방봄봄	20250827165551	20261001180737	VE
SH	2782720	서해5도수산물복합문화센터	20260630184428	20261001174829	SH
VE	2782757	책방오월	20250827165858	20261001183039	VE
EX	2783027	해피주	20250317200649	20261001175303	FD
AC	2783083	산골흙집	20251027101144	20261001180013	AC
NA	2783141	무의바다누리길	20260630184428	20261001160105	NA
NA	2794659	도두항	20251023094449	20261001152046	NA
AC	2800631	평창필그림펜션	20251114112442	20261001173547	AC
AC	2800851	평창힐링스테이	20250714112123	20261001174058	AC
AC	2801071	에브라임	20250122092402	20261001171534	AC
AC	2801433	더 휴 펜션	20251114134025	20261001173101	AC
AC	2801460	눈꽃새 펜션	20251114151409	20261001170819	AC
AC	2801576	더힐링펜션	20251114134513	20261001165521	AC
AC	2801593	도그밀리(DOGMILY)	20251107142719	20261001170136	AC
NA	2806043	동백포레스트	20251105160735	20261001095517	NA
AC	2814150	빌리지736	20250122162721	20261001164731	AC
EX	2814180	속초아이대관람차	20251217165642	20261001094928	EX
EX	2814588	춘천 삼악산 호수케이블카	20251203110700	20261001092603	EX
EX	2819158	매원마을	20250915131653	20261001090959	EX
FD	2827829	비건카페 달냥	20260312175410	20261001142905	FD
EV	2828431	한강페스티벌	20260803091756	20261001161516	EV
NA	2829019	보령 무궁화수목원	20251119153647	20261001145621	NA
FD	2839885	목란	20250912151426	20261001141437	FD
AC	2849741	S STAY HOTEL	20250527091107	20261001163512	AC
AC	2851991	호텔디	20250702141521	20261001162510	AC
AC	2856362	호텔더그레이동두천	20250515175221	20261001161947	AC
FD	2857493	구옥,날다	20250612173924	20261001093340	FD
EV	2860545	보물찾기 축제 - 금괴를 찾아라!	20251027161543	20261001093441	EV
NA	2865675	거창은행나무길	20250724162709	20261001143859	NA
EV	2867300	평택 원평나루 억새축제	20251023143000	20261001101950	EV
FD	2899509	자연과사람들 밀면	20251028104759	20261001135907	FD
FD	2899515	미테이블 성수점	20250922133242	20261001134630	FD
FD	2899723	성수부두	20250923091001	20261001134244	FD
FD	2900160	삽다리칼국수	20250630111600	20261001135219	FD
FD	2900881	옹근달	20251029152803	20261001113529	FD
FD	2900906	원기옥	20250923130832	20261001132217	FD
FD	2900987	미궁장어구이	20251023143000	20261001130241	FD
FD	2901143	속초신토불이감자옹심이	20250116111500	20261001133339	FD
FD	2901227	동락반점	20251023143000	20261001130756	FD
FD	2901277	식객	20251023143000	20261001112651	FD
FD	2901360	초원순두부	20250116091843	20261001113035	FD
FD	2901390	풍물옹심이칼국수	20250117152641	20261001131114	FD
FD	2901956	털보네바베큐 미사동본점	20250821111220	20261001112459	FD
FD	2902017	양조장카페	20251030161345	20261001113232	FD
FD	2902068	윤가네촌돼지	20251030162441	20261001132630	FD
FD	2902200	한우114숯불	20260313142539	20261001131851	FD
FD	2902758	뿌리와열매	20251031103926	20261001111409	FD
FD	2904007	시골쌈밥	20260204163236	20261001111950	FD
FD	2907200	헤리티지클럽	20260724112200	20261001143043	FD
AC	2908949	단아한펜션	20251124111946	20261001182405	AC
FD	2947970	뮤직컴플렉스 서울	20250731173039	20261001101846	FD
VE	2961095	K문화테마파크 선비세상	20251226175106	20261001090042	VE
AC	3003556	엘리시아호텔	20260225113828	20261001161218	AC
EV	3009344	나주영산강축제	20260930094434	20261001143543	EV
EV	3011948	양재아트살롱	20260511163713	20261001155353	EV
VE	3012733	센티드뮤제	20250725093345	20261001091754	VE
VE	3017112	동래읍성 임진왜란 역사관	20250730130406	20261001091029	VE
VE	3017435	중리노을전망대	20250507174001	20261001170709	VE
VE	3018228	이포보전망대	20250630110540	20261001181737	VE
EX	3022990	오하포도농원	20250616170751	20261001170414	EX
VE	3024577	송해둘레길	20250818110511	20261001164519	VE
EV	3026189	리얼 트레저 페스티벌	20251023143000	20261001105343	EV
HS	3027098	금정산성 동문	20250407175635	20261001164139	HS
EX	3027700	청사포 기찻길	20250404151648	20261001163847	EX
VE	3029394	효천물빛노닐터	20260630184428	20261001163634	VE
FD	3029435	커볶	20260630184428	20261001162057	FD
VE	3032325	창작농성골	20260630184428	20261001162628	VE
EX	3033839	여토도예	20250408105952	20261001161706	EX
VE	3036246	덕우리대촌마을	20250114154407	20261001160427	VE
NA	3036718	공작산생태숲	20250401172529	20261001160753	NA
VE	3038260	국립기상박물관	20251023143000	20261001141629	VE
VE	3075887	누림아트홀	20260224121340	20261001143655	VE
VE	3076284	울산 팀아쿠아	20260304100426	20261001160516	VE
SH	3336600	고래서이뻐	20250311105223	20261001160013	SH
EV	3361334	연천고려인삼축제	20260930095612	20261001094511	EV
AC	3387804	이비스 스타일 앰배서더 서울 용산	20250403111842	20261001140010	AC
VE	3428131	희움 일본군 ‘위안부’ 역사관	20260721161840	20261001013001	VE
VE	3428372	계남근린공원	20260810145926	20261001133332	VE
FD	3446122	팥동동	20260227114034	20261001140915	FD
NA	3447787	성흥산 사랑나무(부여 가림성 느티나무)	20260319161000	20261001164817	NA
HS	3457334	태릉강릉	20260728145209	20261001094528	HS
EV	3488421	2026 국립극장 쏙쏙들이페스티벌	20260914175229	20261001144253	EV
NA	3543149	면천읍성 대숲바람길	20260415142703	20261001110923	NA
EV	3563444	방배카페 골목페스타	20251111113720	20261001105357	EV
FD	402926	라 쿠치나	20251231145454	20261001140328	FD
EV	4103010	포항 해뜨면 국수축제	20260930194317	20261001144546	EV
EV	506544	봉화송이축제	20260908103042	20261001100149	EV
EV	506616	서귀포칠십리축제	20260917095230	20261001152130	EV
EV	506809	소래포구축제	20260930161515	20261001094041	EV
EV	506926	진주남강유등축제	20260930165153	20261001091236	EV
EV	635451	문경사과축제	20251023143000	20261001140255	EV
EV	639993	연산대추문화축제	20260930123618	20261001094707	EV
FD	679654	동흥관	20250316162854	20261001093919	FD
FD	685544	라브리	20260225170622	20261001142629	FD
FD	764064	정감어린	20260409163009	20261001140541	FD
EV	952988	백제문화제	20260922100139	20261001090007	EV
