classification	content_id	title	last_modified_at
EV	1621746	화도진 축제	20260702152011
EV	2487791	서울아프리카페스티벌	20251029141915
EV	2621558	중랑용마폭포축제	20251023143000
VE	2737275	제부도워터워크	20260923113354
AC	2744432	잣향기푸른숲캠핑장	20250411162222
EV	2855626	허심청브로이 옥토버페스트	20260908111719
FD	2901160	브로벨커피	20250923131801
FD	2903448	이수한우전문점	20250117144052
EV	3011280	2026 서울디자인위크	20260915161655
AC	3072085	영진한옥애	20241002183727
EV	3522928	송도 트라이보울 재즈 페스티벌	20260416151404
EV	4099989	금천시흥행궁문화제	20260923173529
EV	631268	한화와 함께하는 서울세계불꽃축제	20260825130355
AC	921016	펜션강가애	20260225141631
